geo_level,fips,county,naics,naics_label,estab,employees,annual_payroll_k,estab_under_5_emp
us,00000,United States,236118,Residential remodelers,133345,462690,25469622,108412
us,00000,United States,238350,Finish carpentry contractors,32169,168430,9697606,23759
us,00000,United States,321918,Other millwork (incl. flooring),1516,35989,1772106,622
us,00000,United States,337///,Furniture and related product manufacturing,14606,371164,18476517,6846
us,00000,United States,3371//,Household and institutional furniture,10187,230036,10570964,5278
us,00000,United States,337110,Wood kitchen cabinet and countertop manufacturing,6118,102338,4853916,3279
us,00000,United States,33712/,Household and institutional furniture (nonupholstered wood group),4069,127698,5717048,1999
us,00000,United States,337122,Nonupholstered wood household furniture,2126,23526,970094,1280
us,00000,United States,337127,Institutional furniture,530,20734,1158006,124
us,00000,United States,3372//,Office furniture (incl. fixtures),3687,105895,6094911,1317
us,00000,United States,337211,Wood office furniture,307,13611,751377,117
us,00000,United States,337212,Custom architectural woodwork and millwork,2352,43464,2564139,870
us,00000,United States,423210,Furniture merchant wholesalers,5186,70390,5370041,2706
us,00000,United States,442110,Furniture stores (retail),22286,197264,9905306,11783
us,00000,United States,453310,Used merchandise stores,19186,209147,4959511,8438
bay_area_county,06001,Alameda,236118,Residential remodelers,744,3852,277389,540
bay_area_county,06001,Alameda,238350,Finish carpentry contractors,99,1150,93567,57
bay_area_county,06001,Alameda,321918,Other millwork (incl. flooring),3,19,1509,0
bay_area_county,06001,Alameda,337///,Furniture and related product manufacturing,65,1085,80401,33
bay_area_county,06001,Alameda,3371//,Household and institutional furniture,41,344,25510,25
bay_area_county,06001,Alameda,337110,Wood kitchen cabinet and countertop manufacturing,28,248,19403,18
bay_area_county,06001,Alameda,33712/,Household and institutional furniture (nonupholstered wood group),13,96,6107,7
bay_area_county,06001,Alameda,337122,Nonupholstered wood household furniture,8,68,4398,4
bay_area_county,06001,Alameda,3372//,Office furniture (incl. fixtures),23,703,52219,8
bay_area_county,06001,Alameda,337211,Wood office furniture,9,238,12527,0
bay_area_county,06001,Alameda,337212,Custom architectural woodwork and millwork,8,251,27186,0
bay_area_county,06001,Alameda,423210,Furniture merchant wholesalers,37,550,44056,18
bay_area_county,06001,Alameda,442110,Furniture stores (retail),87,894,42802,58
bay_area_county,06001,Alameda,453310,Used merchandise stores,79,876,30153,30
ca_other_county,06005,CA county 005,236118,Residential remodelers,9,18,892,7
ca_other_county,06005,CA county 005,453310,Used merchandise stores,3,29,950,0
ca_other_county,06007,CA county 007,236118,Residential remodelers,95,533,25598,75
ca_other_county,06007,CA county 007,238350,Finish carpentry contractors,10,40,1631,7
ca_other_county,06007,CA county 007,337///,Furniture and related product manufacturing,11,65,3050,8
ca_other_county,06007,CA county 007,3371//,Household and institutional furniture,11,65,3050,8
ca_other_county,06007,CA county 007,337110,Wood kitchen cabinet and countertop manufacturing,10,63,3023,7
ca_other_county,06007,CA county 007,442110,Furniture stores (retail),15,120,4984,4
ca_other_county,06007,CA county 007,453310,Used merchandise stores,17,240,5730,6
ca_other_county,06009,CA county 009,236118,Residential remodelers,25,68,2663,20
ca_other_county,06009,CA county 009,238350,Finish carpentry contractors,7,15,340,7
ca_other_county,06009,CA county 009,337///,Furniture and related product manufacturing,3,8,288,3
ca_other_county,06009,CA county 009,3371//,Household and institutional furniture,3,8,288,3
ca_other_county,06009,CA county 009,453310,Used merchandise stores,3,9,231,0
ca_other_county,06011,CA county 011,236118,Residential remodelers,6,25,1091,3
bay_area_county,06013,Contra Costa,236118,Residential remodelers,704,3116,203992,522
bay_area_county,06013,Contra Costa,238350,Finish carpentry contractors,66,410,27401,44
bay_area_county,06013,Contra Costa,337///,Furniture and related product manufacturing,28,649,38100,14
bay_area_county,06013,Contra Costa,3371//,Household and institutional furniture,20,364,23596,11
bay_area_county,06013,Contra Costa,337110,Wood kitchen cabinet and countertop manufacturing,12,320,20960,6
bay_area_county,06013,Contra Costa,33712/,Household and institutional furniture (nonupholstered wood group),8,44,2636,5
bay_area_county,06013,Contra Costa,337122,Nonupholstered wood household furniture,6,30,1541,4
bay_area_county,06013,Contra Costa,3372//,Office furniture (incl. fixtures),3,24,1319,0
bay_area_county,06013,Contra Costa,337212,Custom architectural woodwork and millwork,3,24,1319,0
bay_area_county,06013,Contra Costa,423210,Furniture merchant wholesalers,11,316,35195,6
bay_area_county,06013,Contra Costa,442110,Furniture stores (retail),61,294,15743,39
bay_area_county,06013,Contra Costa,453310,Used merchandise stores,37,294,10575,11
ca_other_county,06015,CA county 015,236118,Residential remodelers,8,16,478,7
ca_other_county,06017,CA county 017,236118,Residential remodelers,135,482,25741,108
ca_other_county,06017,CA county 017,238350,Finish carpentry contractors,20,50,2461,17
ca_other_county,06017,CA county 017,337///,Furniture and related product manufacturing,7,31,1375,4
ca_other_county,06017,CA county 017,3371//,Household and institutional furniture,5,22,926,3
ca_other_county,06017,CA county 017,337110,Wood kitchen cabinet and countertop manufacturing,3,14,671,0
ca_other_county,06017,CA county 017,442110,Furniture stores (retail),3,7,226,3
ca_other_county,06017,CA county 017,453310,Used merchandise stores,6,48,1602,0
ca_other_county,06019,CA county 019,236118,Residential remodelers,199,981,45817,147
ca_other_county,06019,CA county 019,238350,Finish carpentry contractors,55,434,20468,35
ca_other_county,06019,CA county 019,337///,Furniture and related product manufacturing,23,317,14111,12
ca_other_county,06019,CA county 019,3371//,Household and institutional furniture,15,77,4077,9
ca_other_county,06019,CA county 019,337110,Wood kitchen cabinet and countertop manufacturing,11,48,2414,7
ca_other_county,06019,CA county 019,33712/,Household and institutional furniture (nonupholstered wood group),4,29,1663,0
ca_other_county,06019,CA county 019,3372//,Office furniture (incl. fixtures),3,51,2658,0
ca_other_county,06019,CA county 019,423210,Furniture merchant wholesalers,7,98,7685,0
ca_other_county,06019,CA county 019,442110,Furniture stores (retail),58,400,20132,36
ca_other_county,06019,CA county 019,453310,Used merchandise stores,36,510,11397,9
ca_other_county,06021,CA county 021,236118,Residential remodelers,7,14,555,6
ca_other_county,06021,CA county 021,337///,Furniture and related product manufacturing,3,12,428,0
ca_other_county,06021,CA county 021,3371//,Household and institutional furniture,3,12,428,0
ca_other_county,06021,CA county 021,337110,Wood kitchen cabinet and countertop manufacturing,3,12,428,0
ca_other_county,06023,CA county 023,236118,Residential remodelers,62,177,7483,51
ca_other_county,06023,CA county 023,238350,Finish carpentry contractors,4,10,436,3
ca_other_county,06023,CA county 023,337///,Furniture and related product manufacturing,6,57,2927,3
ca_other_county,06023,CA county 023,3372//,Office furniture (incl. fixtures),4,46,2501,0
ca_other_county,06023,CA county 023,337212,Custom architectural woodwork and millwork,3,44,2490,0
ca_other_county,06023,CA county 023,442110,Furniture stores (retail),7,75,2685,0
ca_other_county,06023,CA county 023,453310,Used merchandise stores,18,118,2558,9
ca_other_county,06025,CA county 025,236118,Residential remodelers,22,231,13052,11
ca_other_county,06025,CA county 025,442110,Furniture stores (retail),7,29,866,4
ca_other_county,06027,CA county 027,236118,Residential remodelers,11,16,1258,11
ca_other_county,06029,CA county 029,236118,Residential remodelers,135,478,21770,103
ca_other_county,06029,CA county 029,238350,Finish carpentry contractors,35,134,5290,27
ca_other_county,06029,CA county 029,337///,Furniture and related product manufacturing,24,153,6552,11
ca_other_county,06029,CA county 029,3371//,Household and institutional furniture,19,93,4277,9
ca_other_county,06029,CA county 029,337110,Wood kitchen cabinet and countertop manufacturing,15,72,3623,7
ca_other_county,06029,CA county 029,33712/,Household and institutional furniture (nonupholstered wood group),4,21,654,0
ca_other_county,06029,CA county 029,3372//,Office furniture (incl. fixtures),4,53,2013,0
ca_other_county,06029,CA county 029,423210,Furniture merchant wholesalers,3,40,10867,0
ca_other_county,06029,CA county 029,442110,Furniture stores (retail),41,473,14872,25
ca_other_county,06029,CA county 029,453310,Used merchandise stores,29,378,10311,8
ca_other_county,06031,CA county 031,236118,Residential remodelers,19,61,2773,13
ca_other_county,06031,CA county 031,337///,Furniture and related product manufacturing,3,44,2280,0
ca_other_county,06031,CA county 031,3371//,Household and institutional furniture,3,44,2280,0
ca_other_county,06031,CA county 031,442110,Furniture stores (retail),3,53,1999,0
ca_other_county,06031,CA county 031,453310,Used merchandise stores,4,34,647,0
ca_other_county,06033,CA county 033,236118,Residential remodelers,29,201,4570,20
ca_other_county,06033,CA county 033,238350,Finish carpentry contractors,4,18,729,3
ca_other_county,06033,CA county 033,337///,Furniture and related product manufacturing,6,18,515,5
ca_other_county,06033,CA county 033,3371//,Household and institutional furniture,6,18,515,5
ca_other_county,06033,CA county 033,337110,Wood kitchen cabinet and countertop manufacturing,5,14,460,4
ca_other_county,06033,CA county 033,453310,Used merchandise stores,4,6,372,4
ca_other_county,06035,CA county 035,236118,Residential remodelers,4,8,261,3
ca_other_county,06037,CA county 037,236118,Residential remodelers,3727,12861,696399,2986
ca_other_county,06037,CA county 037,238350,Finish carpentry contractors,545,2434,128460,382
ca_other_county,06037,CA county 037,321918,Other millwork (incl. flooring),22,595,26592,13
ca_other_county,06037,CA county 037,337///,Furniture and related product manufacturing,579,10040,509748,271
ca_other_county,06037,CA county 037,3371//,Household and institutional furniture,402,6517,325603,188
ca_other_county,06037,CA county 037,337110,Wood kitchen cabinet and countertop manufacturing,170,2019,111957,93
ca_other_county,06037,CA county 037,33712/,Household and institutional furniture (nonupholstered wood group),232,4498,213646,95
ca_other_county,06037,CA county 037,337122,Nonupholstered wood household furniture,84,651,25736,43
ca_other_county,06037,CA county 037,337127,Institutional furniture,23,980,54349,4
ca_other_county,06037,CA county 037,3372//,Office furniture (incl. fixtures),126,1974,107111,60
ca_other_county,06037,CA county 037,337211,Wood office furniture,17,244,13130,8
ca_other_county,06037,CA county 037,337212,Custom architectural woodwork and millwork,50,890,51279,23
ca_other_county,06037,CA county 037,423210,Furniture merchant wholesalers,345,4041,305183,184
ca_other_county,06037,CA county 037,442110,Furniture stores (retail),593,5678,301145,378
ca_other_county,06037,CA county 037,453310,Used merchandise stores,445,4180,154447,197
ca_other_county,06039,CA county 039,236118,Residential remodelers,44,389,20107,31
ca_other_county,06039,CA county 039,238350,Finish carpentry contractors,5,13,506,4
ca_other_county,06039,CA county 039,337///,Furniture and related product manufacturing,4,50,1716,0
ca_other_county,06039,CA county 039,3371//,Household and institutional furniture,3,40,1356,0
ca_other_county,06039,CA county 039,442110,Furniture stores (retail),3,12,261,0
ca_other_county,06039,CA county 039,453310,Used merchandise stores,7,42,1234,4
bay_area_county,06041,Marin,236118,Residential remodelers,393,2278,192155,271
bay_area_county,06041,Marin,238350,Finish carpentry contractors,28,141,8980,19
bay_area_county,06041,Marin,337///,Furniture and related product manufacturing,18,57,3438,15
bay_area_county,06041,Marin,3371//,Household and institutional furniture,15,51,2900,12
bay_area_county,06041,Marin,337110,Wood kitchen cabinet and countertop manufacturing,10,36,2181,8
bay_area_county,06041,Marin,33712/,Household and institutional furniture (nonupholstered wood group),5,15,719,4
bay_area_county,06041,Marin,337122,Nonupholstered wood household furniture,4,13,686,3
bay_area_county,06041,Marin,423210,Furniture merchant wholesalers,4,16,2007,3
bay_area_county,06041,Marin,442110,Furniture stores (retail),25,96,5497,20
bay_area_county,06041,Marin,453310,Used merchandise stores,20,139,4864,9
ca_other_county,06043,CA county 043,236118,Residential remodelers,12,52,2383,8
ca_other_county,06045,CA county 045,236118,Residential remodelers,66,223,10528,49
ca_other_county,06045,CA county 045,238350,Finish carpentry contractors,9,59,2443,6
ca_other_county,06045,CA county 045,337///,Furniture and related product manufacturing,5,13,739,4
ca_other_county,06045,CA county 045,442110,Furniture stores (retail),3,21,695,0
ca_other_county,06045,CA county 045,453310,Used merchandise stores,11,76,1899,5
ca_other_county,06047,CA county 047,236118,Residential remodelers,58,259,11750,47
ca_other_county,06047,CA county 047,238350,Finish carpentry contractors,10,37,1429,7
ca_other_county,06047,CA county 047,337///,Furniture and related product manufacturing,5,50,2054,0
ca_other_county,06047,CA county 047,3371//,Household and institutional furniture,5,50,2054,0
ca_other_county,06047,CA county 047,337110,Wood kitchen cabinet and countertop manufacturing,3,10,326,0
ca_other_county,06047,CA county 047,442110,Furniture stores (retail),9,44,1904,6
ca_other_county,06047,CA county 047,453310,Used merchandise stores,9,70,1926,5
ca_other_county,06049,CA county 049,236118,Residential remodelers,6,14,433,5
ca_other_county,06051,CA county 051,236118,Residential remodelers,20,62,3242,16
ca_other_county,06053,CA county 053,236118,Residential remodelers,225,1037,66462,159
ca_other_county,06053,CA county 053,238350,Finish carpentry contractors,35,290,21119,22
ca_other_county,06053,CA county 053,337///,Furniture and related product manufacturing,15,433,24980,9
ca_other_county,06053,CA county 053,3371//,Household and institutional furniture,13,428,24623,8
ca_other_county,06053,CA county 053,337110,Wood kitchen cabinet and countertop manufacturing,11,421,24508,6
ca_other_county,06053,CA county 053,423210,Furniture merchant wholesalers,3,18,1698,0
ca_other_county,06053,CA county 053,442110,Furniture stores (retail),27,140,7197,18
ca_other_county,06053,CA county 053,453310,Used merchandise stores,29,309,9710,11
bay_area_county,06055,Napa,236118,Residential remodelers,119,507,33421,86
bay_area_county,06055,Napa,238350,Finish carpentry contractors,14,72,4075,7
bay_area_county,06055,Napa,337///,Furniture and related product manufacturing,8,18,812,7
bay_area_county,06055,Napa,3371//,Household and institutional furniture,7,15,755,6
bay_area_county,06055,Napa,337110,Wood kitchen cabinet and countertop manufacturing,4,8,260,4
bay_area_county,06055,Napa,33712/,Household and institutional furniture (nonupholstered wood group),3,7,495,0
bay_area_county,06055,Napa,337122,Nonupholstered wood household furniture,3,7,495,0
bay_area_county,06055,Napa,442110,Furniture stores (retail),5,10,568,5
bay_area_county,06055,Napa,453310,Used merchandise stores,14,74,1976,7
ca_other_county,06057,CA county 057,236118,Residential remodelers,134,419,26442,105
ca_other_county,06057,CA county 057,238350,Finish carpentry contractors,13,48,3000,10
ca_other_county,06057,CA county 057,337///,Furniture and related product manufacturing,9,21,1384,8
ca_other_county,06057,CA county 057,3371//,Household and institutional furniture,8,20,1181,7
ca_other_county,06057,CA county 057,337110,Wood kitchen cabinet and countertop manufacturing,3,5,375,3
ca_other_county,06057,CA county 057,33712/,Household and institutional furniture (nonupholstered wood group),5,15,806,4
ca_other_county,06057,CA county 057,337122,Nonupholstered wood household furniture,3,12,627,0
ca_other_county,06057,CA county 057,453310,Used merchandise stores,13,74,2144,8
ca_other_county,06059,CA county 059,236118,Residential remodelers,1311,5943,352990,997
ca_other_county,06059,CA county 059,238350,Finish carpentry contractors,319,3419,223261,182
ca_other_county,06059,CA county 059,321918,Other millwork (incl. flooring),19,214,10460,7
ca_other_county,06059,CA county 059,337///,Furniture and related product manufacturing,176,4744,281548,92
ca_other_county,06059,CA county 059,3371//,Household and institutional furniture,110,2310,125886,61
ca_other_county,06059,CA county 059,337110,Wood kitchen cabinet and countertop manufacturing,59,1085,65558,31
ca_other_county,06059,CA county 059,33712/,Household and institutional furniture (nonupholstered wood group),51,1225,60328,30
ca_other_county,06059,CA county 059,337122,Nonupholstered wood household furniture,19,113,6778,13
ca_other_county,06059,CA county 059,337127,Institutional furniture,8,389,18947,3
ca_other_county,06059,CA county 059,3372//,Office furniture (incl. fixtures),57,1516,87389,26
ca_other_county,06059,CA county 059,337211,Wood office furniture,5,334,17916,0
ca_other_county,06059,CA county 059,337212,Custom architectural woodwork and millwork,39,779,49822,17
ca_other_county,06059,CA county 059,423210,Furniture merchant wholesalers,129,1375,142129,73
ca_other_county,06059,CA county 059,442110,Furniture stores (retail),200,1776,92491,118
ca_other_county,06059,CA county 059,453310,Used merchandise stores,132,1586,50469,51
ca_other_county,06061,CA county 061,236118,Residential remodelers,276,1258,71450,216
ca_other_county,06061,CA county 061,238350,Finish carpentry contractors,44,284,19279,34
ca_other_county,06061,CA county 061,337///,Furniture and related product manufacturing,23,147,7587,11
ca_other_county,06061,CA county 061,3371//,Household and institutional furniture,19,108,5293,10
ca_other_county,06061,CA county 061,337110,Wood kitchen cabinet and countertop manufacturing,14,81,4231,8
ca_other_county,06061,CA county 061,33712/,Household and institutional furniture (nonupholstered wood group),5,27,1062,0
ca_other_county,06061,CA county 061,337122,Nonupholstered wood household furniture,3,22,931,0
ca_other_county,06061,CA county 061,3372//,Office furniture (incl. fixtures),4,39,2294,0
ca_other_county,06061,CA county 061,442110,Furniture stores (retail),36,422,25066,18
ca_other_county,06061,CA county 061,453310,Used merchandise stores,18,255,6785,6
ca_other_county,06063,CA county 063,236118,Residential remodelers,22,50,2088,19
ca_other_county,06065,CA county 065,236118,Residential remodelers,763,3721,183863,562
ca_other_county,06065,CA county 065,238350,Finish carpentry contractors,211,2026,111746,135
ca_other_county,06065,CA county 065,321918,Other millwork (incl. flooring),10,108,5149,4
ca_other_county,06065,CA county 065,337///,Furniture and related product manufacturing,84,1678,89780,37
ca_other_county,06065,CA county 065,3371//,Household and institutional furniture,54,653,38174,28
ca_other_county,06065,CA county 065,337110,Wood kitchen cabinet and countertop manufacturing,37,490,28400,21
ca_other_county,06065,CA county 065,33712/,Household and institutional furniture (nonupholstered wood group),17,163,9774,7
ca_other_county,06065,CA county 065,337122,Nonupholstered wood household furniture,8,31,868,6
ca_other_county,06065,CA county 065,337127,Institutional furniture,5,95,6747,0
ca_other_county,06065,CA county 065,3372//,Office furniture (incl. fixtures),21,563,27973,7
ca_other_county,06065,CA county 065,337211,Wood office furniture,3,73,5117,0
ca_other_county,06065,CA county 065,337212,Custom architectural woodwork and millwork,10,230,10000,5
ca_other_county,06065,CA county 065,423210,Furniture merchant wholesalers,49,722,47088,29
ca_other_county,06065,CA county 065,442110,Furniture stores (retail),112,989,47645,73
ca_other_county,06065,CA county 065,453310,Used merchandise stores,89,919,25058,28
ca_other_county,06067,CA county 067,236118,Residential remodelers,576,2798,160221,442
ca_other_county,06067,CA county 067,238350,Finish carpentry contractors,136,1087,68837,82
ca_other_county,06067,CA county 067,321918,Other millwork (incl. flooring),4,134,8746,0
ca_other_county,06067,CA county 067,337///,Furniture and related product manufacturing,50,475,24392,23
ca_other_county,06067,CA county 067,3371//,Household and institutional furniture,38,341,16957,21
ca_other_county,06067,CA county 067,337110,Wood kitchen cabinet and countertop manufacturing,29,180,9244,15
ca_other_county,06067,CA county 067,33712/,Household and institutional furniture (nonupholstered wood group),9,161,7713,6
ca_other_county,06067,CA county 067,337122,Nonupholstered wood household furniture,4,48,2349,3
ca_other_county,06067,CA county 067,3372//,Office furniture (incl. fixtures),10,115,6696,0
ca_other_county,06067,CA county 067,337212,Custom architectural woodwork and millwork,7,97,6062,0
ca_other_county,06067,CA county 067,423210,Furniture merchant wholesalers,19,204,16129,9
ca_other_county,06067,CA county 067,442110,Furniture stores (retail),74,721,35698,38
ca_other_county,06067,CA county 067,453310,Used merchandise stores,66,1064,31199,19
ca_other_county,06069,CA county 069,236118,Residential remodelers,22,75,3734,13
ca_other_county,06069,CA county 069,238350,Finish carpentry contractors,6,16,1586,5
ca_other_county,06069,CA county 069,337///,Furniture and related product manufacturing,5,7,419,5
ca_other_county,06069,CA county 069,3371//,Household and institutional furniture,3,5,288,3
ca_other_county,06069,CA county 069,337110,Wood kitchen cabinet and countertop manufacturing,3,5,288,3
ca_other_county,06071,CA county 071,236118,Residential remodelers,535,1908,85202,410
ca_other_county,06071,CA county 071,238350,Finish carpentry contractors,121,829,45119,64
ca_other_county,06071,CA county 071,321918,Other millwork (incl. flooring),9,50,1846,4
ca_other_county,06071,CA county 071,337///,Furniture and related product manufacturing,88,4653,203876,32
ca_other_county,06071,CA county 071,3371//,Household and institutional furniture,51,3443,134238,26
ca_other_county,06071,CA county 071,337110,Wood kitchen cabinet and countertop manufacturing,27,201,8494,18
ca_other_county,06071,CA county 071,33712/,Household and institutional furniture (nonupholstered wood group),24,3242,125744,8
ca_other_county,06071,CA county 071,337122,Nonupholstered wood household furniture,9,119,4084,3
ca_other_county,06071,CA county 071,337127,Institutional furniture,5,194,12432,0
ca_other_county,06071,CA county 071,3372//,Office furniture (incl. fixtures),25,806,46944,0
ca_other_county,06071,CA county 071,337212,Custom architectural woodwork and millwork,13,490,32047,0
ca_other_county,06071,CA county 071,423210,Furniture merchant wholesalers,96,1285,82652,42
ca_other_county,06071,CA county 071,442110,Furniture stores (retail),111,1589,80387,65
ca_other_county,06071,CA county 071,453310,Used merchandise stores,74,610,16720,28
ca_other_county,06073,CA county 073,236118,Residential remodelers,1668,7904,630102,1237
ca_other_county,06073,CA county 073,238350,Finish carpentry contractors,288,1955,120441,188
ca_other_county,06073,CA county 073,321918,Other millwork (incl. flooring),8,24,791,7
ca_other_county,06073,CA county 073,337///,Furniture and related product manufacturing,135,1406,80086,74
ca_other_county,06073,CA county 073,3371//,Household and institutional furniture,96,644,34927,54
ca_other_county,06073,CA county 073,337110,Wood kitchen cabinet and countertop manufacturing,66,421,21532,37
ca_other_county,06073,CA county 073,33712/,Household and institutional furniture (nonupholstered wood group),30,223,13395,17
ca_other_county,06073,CA county 073,337122,Nonupholstered wood household furniture,11,120,5265,6
ca_other_county,06073,CA county 073,337127,Institutional furniture,6,46,4359,0
ca_other_county,06073,CA county 073,3372//,Office furniture (incl. fixtures),33,674,41685,17
ca_other_county,06073,CA county 073,337211,Wood office furniture,5,41,1938,3
ca_other_county,06073,CA county 073,337212,Custom architectural woodwork and millwork,20,313,20731,10
ca_other_county,06073,CA county 073,423210,Furniture merchant wholesalers,47,606,49665,27
ca_other_county,06073,CA county 073,442110,Furniture stores (retail),188,1835,103166,110
ca_other_county,06073,CA county 073,453310,Used merchandise stores,179,1964,58913,65
bay_area_county,06075,San Francisco,236118,Residential remodelers,552,2561,199934,394
bay_area_county,06075,San Francisco,238350,Finish carpentry contractors,44,239,18152,26
bay_area_county,06075,San Francisco,337///,Furniture and related product manufacturing,35,265,21466,18
bay_area_county,06075,San Francisco,3371//,Household and institutional furniture,24,177,11775,13
bay_area_county,06075,San Francisco,337110,Wood kitchen cabinet and countertop manufacturing,10,46,2846,6
bay_area_county,06075,San Francisco,33712/,Household and institutional furniture (nonupholstered wood group),14,131,8929,7
bay_area_county,06075,San Francisco,337122,Nonupholstered wood household furniture,6,22,798,4
bay_area_county,06075,San Francisco,3372//,Office furniture (incl. fixtures),8,67,7433,3
bay_area_county,06075,San Francisco,337212,Custom architectural woodwork and millwork,4,40,4433,0
bay_area_county,06075,San Francisco,423210,Furniture merchant wholesalers,30,498,66964,15
bay_area_county,06075,San Francisco,442110,Furniture stores (retail),78,417,28376,55
bay_area_county,06075,San Francisco,453310,Used merchandise stores,66,774,27154,25
ca_other_county,06077,CA county 077,236118,Residential remodelers,188,866,47141,137
ca_other_county,06077,CA county 077,238350,Finish carpentry contractors,57,519,30009,35
ca_other_county,06077,CA county 077,321918,Other millwork (incl. flooring),3,18,621,0
ca_other_county,06077,CA county 077,337///,Furniture and related product manufacturing,22,670,31600,9
ca_other_county,06077,CA county 077,3371//,Household and institutional furniture,14,493,20632,8
ca_other_county,06077,CA county 077,337110,Wood kitchen cabinet and countertop manufacturing,13,493,20563,7
ca_other_county,06077,CA county 077,3372//,Office furniture (incl. fixtures),7,151,10040,0
ca_other_county,06077,CA county 077,337212,Custom architectural woodwork and millwork,3,25,1690,0
ca_other_county,06077,CA county 077,423210,Furniture merchant wholesalers,7,245,16677,0
ca_other_county,06077,CA county 077,442110,Furniture stores (retail),36,215,5437,23
ca_other_county,06077,CA county 077,453310,Used merchandise stores,23,259,7972,6
ca_other_county,06079,CA county 079,236118,Residential remodelers,169,630,30410,131
ca_other_county,06079,CA county 079,238350,Finish carpentry contractors,27,145,9795,18
ca_other_county,06079,CA county 079,337///,Furniture and related product manufacturing,17,64,3368,10
ca_other_county,06079,CA county 079,3371//,Household and institutional furniture,15,55,2864,9
ca_other_county,06079,CA county 079,337110,Wood kitchen cabinet and countertop manufacturing,10,37,1980,6
ca_other_county,06079,CA county 079,33712/,Household and institutional furniture (nonupholstered wood group),5,18,884,3
ca_other_county,06079,CA county 079,337122,Nonupholstered wood household furniture,4,8,442,3
ca_other_county,06079,CA county 079,442110,Furniture stores (retail),20,134,6981,9
ca_other_county,06079,CA county 079,453310,Used merchandise stores,25,172,3659,10
bay_area_county,06081,San Mateo,236118,Residential remodelers,528,2249,154694,377
bay_area_county,06081,San Mateo,238350,Finish carpentry contractors,70,299,22964,51
bay_area_county,06081,San Mateo,337///,Furniture and related product manufacturing,30,337,22205,17
bay_area_county,06081,San Mateo,3371//,Household and institutional furniture,23,256,16597,14
bay_area_county,06081,San Mateo,337110,Wood kitchen cabinet and countertop manufacturing,14,64,3755,10
bay_area_county,06081,San Mateo,33712/,Household and institutional furniture (nonupholstered wood group),9,192,12842,4
bay_area_county,06081,San Mateo,3372//,Office furniture (incl. fixtures),6,66,4632,3
bay_area_county,06081,San Mateo,337212,Custom architectural woodwork and millwork,3,62,4442,0
bay_area_county,06081,San Mateo,423210,Furniture merchant wholesalers,21,414,41684,11
bay_area_county,06081,San Mateo,442110,Furniture stores (retail),62,544,34526,43
bay_area_county,06081,San Mateo,453310,Used merchandise stores,34,307,9354,13
ca_other_county,06083,CA county 083,236118,Residential remodelers,233,1300,82625,152
ca_other_county,06083,CA county 083,238350,Finish carpentry contractors,36,222,13457,24
ca_other_county,06083,CA county 083,337///,Furniture and related product manufacturing,22,167,9279,12
ca_other_county,06083,CA county 083,3371//,Household and institutional furniture,19,111,4986,11
ca_other_county,06083,CA county 083,337110,Wood kitchen cabinet and countertop manufacturing,13,94,4518,7
ca_other_county,06083,CA county 083,33712/,Household and institutional furniture (nonupholstered wood group),6,17,468,4
ca_other_county,06083,CA county 083,337122,Nonupholstered wood household furniture,4,10,160,3
ca_other_county,06083,CA county 083,423210,Furniture merchant wholesalers,7,140,23896,3
ca_other_county,06083,CA county 083,442110,Furniture stores (retail),27,95,4689,20
ca_other_county,06083,CA county 083,453310,Used merchandise stores,47,456,12620,22
bay_area_county,06085,Santa Clara,236118,Residential remodelers,899,4271,302104,651
bay_area_county,06085,Santa Clara,238350,Finish carpentry contractors,106,743,53087,61
bay_area_county,06085,Santa Clara,337///,Furniture and related product manufacturing,63,915,58069,31
bay_area_county,06085,Santa Clara,3371//,Household and institutional furniture,52,531,40341,28
bay_area_county,06085,Santa Clara,337110,Wood kitchen cabinet and countertop manufacturing,41,302,19291,22
bay_area_county,06085,Santa Clara,33712/,Household and institutional furniture (nonupholstered wood group),11,229,21050,6
bay_area_county,06085,Santa Clara,337122,Nonupholstered wood household furniture,5,72,5746,3
bay_area_county,06085,Santa Clara,337127,Institutional furniture,3,148,14791,0
bay_area_county,06085,Santa Clara,3372//,Office furniture (incl. fixtures),10,369,17055,3
bay_area_county,06085,Santa Clara,337212,Custom architectural woodwork and millwork,4,274,9822,0
bay_area_county,06085,Santa Clara,423210,Furniture merchant wholesalers,34,1018,109716,12
bay_area_county,06085,Santa Clara,442110,Furniture stores (retail),102,474,21623,65
bay_area_county,06085,Santa Clara,453310,Used merchandise stores,54,740,23424,17
bay_area_county,06087,Santa Cruz,236118,Residential remodelers,208,621,32323,166
bay_area_county,06087,Santa Cruz,238350,Finish carpentry contractors,40,261,15527,24
bay_area_county,06087,Santa Cruz,337///,Furniture and related product manufacturing,17,100,6048,11
bay_area_county,06087,Santa Cruz,3371//,Household and institutional furniture,12,62,3905,8
bay_area_county,06087,Santa Cruz,337110,Wood kitchen cabinet and countertop manufacturing,10,61,3876,6
bay_area_county,06087,Santa Cruz,3372//,Office furniture (incl. fixtures),4,36,2028,0
bay_area_county,06087,Santa Cruz,442110,Furniture stores (retail),17,87,3688,12
bay_area_county,06087,Santa Cruz,453310,Used merchandise stores,19,198,5226,7
ca_other_county,06089,CA county 089,236118,Residential remodelers,70,269,9939,54
ca_other_county,06089,CA county 089,238350,Finish carpentry contractors,14,59,2291,9
ca_other_county,06089,CA county 089,337///,Furniture and related product manufacturing,7,49,2515,5
ca_other_county,06089,CA county 089,3371//,Household and institutional furniture,5,20,967,4
ca_other_county,06089,CA county 089,337110,Wood kitchen cabinet and countertop manufacturing,5,20,967,4
ca_other_county,06089,CA county 089,442110,Furniture stores (retail),14,96,3993,8
ca_other_county,06089,CA county 089,453310,Used merchandise stores,6,106,3020,0
ca_other_county,06093,CA county 093,236118,Residential remodelers,22,70,2354,17
ca_other_county,06093,CA county 093,453310,Used merchandise stores,3,5,104,3
bay_area_county,06095,Solano,236118,Residential remodelers,158,1533,89124,122
bay_area_county,06095,Solano,238350,Finish carpentry contractors,31,165,9655,22
bay_area_county,06095,Solano,337///,Furniture and related product manufacturing,19,310,18133,8
bay_area_county,06095,Solano,3371//,Household and institutional furniture,11,237,13064,4
bay_area_county,06095,Solano,337110,Wood kitchen cabinet and countertop manufacturing,8,92,4670,3
bay_area_county,06095,Solano,33712/,Household and institutional furniture (nonupholstered wood group),3,145,8394,0
bay_area_county,06095,Solano,3372//,Office furniture (incl. fixtures),7,73,5024,3
bay_area_county,06095,Solano,337212,Custom architectural woodwork and millwork,4,36,2873,0
bay_area_county,06095,Solano,423210,Furniture merchant wholesalers,3,31,5227,0
bay_area_county,06095,Solano,442110,Furniture stores (retail),22,120,5549,12
bay_area_county,06095,Solano,453310,Used merchandise stores,20,335,10186,8
bay_area_county,06097,Sonoma,236118,Residential remodelers,481,2048,125596,345
bay_area_county,06097,Sonoma,238350,Finish carpentry contractors,83,459,36233,51
bay_area_county,06097,Sonoma,337///,Furniture and related product manufacturing,55,342,21182,27
bay_area_county,06097,Sonoma,3371//,Household and institutional furniture,42,205,10719,21
bay_area_county,06097,Sonoma,337110,Wood kitchen cabinet and countertop manufacturing,33,161,8669,17
bay_area_county,06097,Sonoma,33712/,Household and institutional furniture (nonupholstered wood group),9,44,2050,4
bay_area_county,06097,Sonoma,337122,Nonupholstered wood household furniture,6,15,636,4
bay_area_county,06097,Sonoma,3372//,Office furniture (incl. fixtures),12,135,10446,5
bay_area_county,06097,Sonoma,337212,Custom architectural woodwork and millwork,4,19,1055,0
bay_area_county,06097,Sonoma,423210,Furniture merchant wholesalers,5,30,2374,3
bay_area_county,06097,Sonoma,442110,Furniture stores (retail),35,167,10228,23
bay_area_county,06097,Sonoma,453310,Used merchandise stores,48,473,10337,19
ca_other_county,06099,CA county 099,236118,Residential remodelers,138,562,31148,108
ca_other_county,06099,CA county 099,238350,Finish carpentry contractors,54,345,20915,31
ca_other_county,06099,CA county 099,337///,Furniture and related product manufacturing,22,481,27189,10
ca_other_county,06099,CA county 099,3371//,Household and institutional furniture,17,414,22601,8
ca_other_county,06099,CA county 099,337110,Wood kitchen cabinet and countertop manufacturing,10,349,19858,5
ca_other_county,06099,CA county 099,33712/,Household and institutional furniture (nonupholstered wood group),7,65,2743,3
ca_other_county,06099,CA county 099,337122,Nonupholstered wood household furniture,6,61,2649,0
ca_other_county,06099,CA county 099,3372//,Office furniture (incl. fixtures),5,67,4588,0
ca_other_county,06099,CA county 099,337212,Custom architectural woodwork and millwork,3,29,1557,0
ca_other_county,06099,CA county 099,423210,Furniture merchant wholesalers,3,12,359,0
ca_other_county,06099,CA county 099,442110,Furniture stores (retail),34,159,7571,21
ca_other_county,06099,CA county 099,453310,Used merchandise stores,25,322,6645,6
ca_other_county,06101,CA county 101,236118,Residential remodelers,24,87,3907,17
ca_other_county,06101,CA county 101,238350,Finish carpentry contractors,3,21,1471,0
ca_other_county,06101,CA county 101,442110,Furniture stores (retail),7,51,1862,0
ca_other_county,06101,CA county 101,453310,Used merchandise stores,4,100,3087,0
ca_other_county,06103,CA county 103,236118,Residential remodelers,18,71,2826,15
ca_other_county,06103,CA county 103,453310,Used merchandise stores,5,81,1719,0
ca_other_county,06105,CA county 105,236118,Residential remodelers,9,13,466,9
ca_other_county,06107,CA county 107,236118,Residential remodelers,69,623,31741,49
ca_other_county,06107,CA county 107,238350,Finish carpentry contractors,22,192,9392,9
ca_other_county,06107,CA county 107,337///,Furniture and related product manufacturing,4,31,1254,3
ca_other_county,06107,CA county 107,3371//,Household and institutional furniture,3,31,1242,0
ca_other_county,06107,CA county 107,337110,Wood kitchen cabinet and countertop manufacturing,3,31,1242,0
ca_other_county,06107,CA county 107,442110,Furniture stores (retail),23,201,8446,12
ca_other_county,06107,CA county 107,453310,Used merchandise stores,12,155,3420,0
ca_other_county,06109,CA county 109,236118,Residential remodelers,36,62,2716,31
ca_other_county,06109,CA county 109,238350,Finish carpentry contractors,3,8,524,0
ca_other_county,06109,CA county 109,337///,Furniture and related product manufacturing,3,13,771,0
ca_other_county,06109,CA county 109,3371//,Household and institutional furniture,3,13,771,0
ca_other_county,06109,CA county 109,337110,Wood kitchen cabinet and countertop manufacturing,3,13,771,0
ca_other_county,06109,CA county 109,453310,Used merchandise stores,8,27,683,7
ca_other_county,06111,CA county 111,236118,Residential remodelers,415,1718,100065,322
ca_other_county,06111,CA county 111,238350,Finish carpentry contractors,98,675,42704,61
ca_other_county,06111,CA county 111,321918,Other millwork (incl. flooring),3,21,1710,0
ca_other_county,06111,CA county 111,337///,Furniture and related product manufacturing,36,466,28451,19
ca_other_county,06111,CA county 111,3371//,Household and institutional furniture,23,229,15416,13
ca_other_county,06111,CA county 111,337110,Wood kitchen cabinet and countertop manufacturing,18,162,10019,9
ca_other_county,06111,CA county 111,33712/,Household and institutional furniture (nonupholstered wood group),5,67,5397,4
ca_other_county,06111,CA county 111,3372//,Office furniture (incl. fixtures),11,226,12441,5
ca_other_county,06111,CA county 111,423210,Furniture merchant wholesalers,14,244,14150,8
ca_other_county,06111,CA county 111,442110,Furniture stores (retail),48,301,13164,28
ca_other_county,06111,CA county 111,453310,Used merchandise stores,57,651,20087,20
ca_other_county,06113,CA county 113,236118,Residential remodelers,80,263,14217,65
ca_other_county,06113,CA county 113,238350,Finish carpentry contractors,10,79,5612,5
ca_other_county,06113,CA county 113,337///,Furniture and related product manufacturing,8,136,9066,3
ca_other_county,06113,CA county 113,3371//,Household and institutional furniture,5,20,1072,3
ca_other_county,06113,CA county 113,337110,Wood kitchen cabinet and countertop manufacturing,4,18,1046,0
ca_other_county,06113,CA county 113,423210,Furniture merchant wholesalers,5,92,5944,0
ca_other_county,06113,CA county 113,442110,Furniture stores (retail),8,254,10021,4
ca_other_county,06113,CA county 113,453310,Used merchandise stores,11,155,3942,0
ca_other_county,06115,CA county 115,236118,Residential remodelers,12,100,4256,7
ca_total,06,California,337///,Furniture and related product manufacturing,1743,30577,1643182,864
ca_total,06,California,3371//,Household and institutional furniture,1218,18526,946134,641
ca_total,06,California,33712/,Household and institutional furniture (nonupholstered wood group),479,10674,507499,218
ca_total,06,California,337122,Nonupholstered wood household furniture,193,1422,64189,102
ca_total,06,California,337127,Institutional furniture,50,1852,111625,7
ca_total,06,California,3372//,Office furniture (incl. fixtures),383,7754,454489,140
ca_total,06,California,337211,Wood office furniture,39,930,50628,11
ca_total,06,California,337110,Wood kitchen cabinet and countertop manufacturing,718,7696,432407,398
ca_total,06,California,337212,Custom architectural woodwork and millwork,178,3603,226808,55
ca_total,06,California,321918,Other millwork (incl. flooring),81,1183,57424,35
ca_total,06,California,238350,Finish carpentry contractors,2782,19402,1204392,1774
ca_total,06,California,236118,Residential remodelers,16500,71952,4455941,12475
ca_total,06,California,423210,Furniture merchant wholesalers,879,11995,1031345,443
ca_total,06,California,442110,Furniture stores (retail),2201,18993,972183,1353
ca_total,06,California,453310,Used merchandise stores,1809,19220,594509,683
bay_area_total,06BAY,Bay Area (10 counties),337///,Furniture and related product manufacturing,338,4078,269854,181
bay_area_total,06BAY,Bay Area (10 counties),3371//,Household and institutional furniture,247,2242,149162,142
bay_area_total,06BAY,Bay Area (10 counties),33712/,Household and institutional furniture (nonupholstered wood group),75,903,63222,37
bay_area_total,06BAY,Bay Area (10 counties),337122,Nonupholstered wood household furniture,38,227,14300,22
bay_area_total,06BAY,Bay Area (10 counties),337127,Institutional furniture,3,148,14791,0
bay_area_total,06BAY,Bay Area (10 counties),3372//,Office furniture (incl. fixtures),73,1473,100156,25
bay_area_total,06BAY,Bay Area (10 counties),337211,Wood office furniture,9,238,12527,0
bay_area_total,06BAY,Bay Area (10 counties),337110,Wood kitchen cabinet and countertop manufacturing,170,1338,85911,100
bay_area_total,06BAY,Bay Area (10 counties),337212,Custom architectural woodwork and millwork,30,706,51130,0
bay_area_total,06BAY,Bay Area (10 counties),321918,Other millwork (incl. flooring),3,19,1509,0
bay_area_total,06BAY,Bay Area (10 counties),238350,Finish carpentry contractors,581,3939,289641,362
bay_area_total,06BAY,Bay Area (10 counties),236118,Residential remodelers,4786,23036,1610732,3474
bay_area_total,06BAY,Bay Area (10 counties),423210,Furniture merchant wholesalers,145,2873,307223,68
bay_area_total,06BAY,Bay Area (10 counties),442110,Furniture stores (retail),494,3103,168600,332
bay_area_total,06BAY,Bay Area (10 counties),453310,Used merchandise stores,391,4210,133249,146
