cex_item,article,process,us_pool_usd,share_of_tam,spend_per_cu_usd,q5_skew_x,custom_search_share,custom_search_share_mean,custom_share_basis,machinable,flatpack,machine_hours_per_unit,asp_usd,note,beachhead_score,beachhead_score_assembled
290410,Kitchen and dining room furniture,solid timber,5304566000,0.0603,39.0,2.36,0.00552,0.00552,custom dining table/dining table=0.55%,0.97,0.96,0.224,2320,"dining chairs and tables — the native home of frame joinery, and chairs sell in sets so an order is four units",0.6831,0.6272
290320,Living room tables,solid timber,2419266000,0.0275,18.0,1.83,0.00614,0.00614,custom coffee table/coffee table=0.61%,0.95,0.95,0.28,1150,"few parts, large visible joints — kigumi shows well here",0.6705,0.6146
290210,Sofas,upholstery,26515499000,0.3013,195.0,2.13,0.007,0.007,custom sofa/sofa=0.70%,0.1,0.3,,,a timber frame under foam and sewing — the frame is not the product,0.67,0.754
290440,"Wall units, cabinets and other occasional furniture",solid timber frame,6225681000,0.0707,46.0,1.87,0.00481,0.10192,custom bookshelf/bookshelf=0.48% | custom tv stand/tv stand=0.39% | custom closet/closet organizer=29.71%,0.72,0.9,0.55,1450,storage in solid timber is a frame-and-shelf problem; panel carcasses are cheaper and this process cannot beat them on cost,0.5916,0.5389
290120,Other bedroom furniture,"solid timber, mixed",16181689000,0.1839,119.0,2.26,0.00204,0.00315,custom dresser/dresser=0.20% | custom nightstand/nightstand=0.54% | custom wardrobe/wardrobe=0.20%,0.65,0.92,0.9,1650,bed frames suit kigumi well; drawer boxes and carcasses do not,0.571,0.5147
290430,Outdoor furniture,"solid timber, weatherable",6392996000,0.0726,47.0,2.36,,,no Trends pair collected,0.7,0.92,0.38,1250,"joinery moves with humidity outdoors, which is what kigumi tolerates by design — but the species set changes",0.3853,0.2894
290310,Living room chairs,solid timber + upholstery,7962288000,0.0905,59.0,1.85,,,no Trends pair collected,0.55,0.95,0.3,890,a lounge chair is mostly a cushion; the frame alone is a niche,0.3701,0.2741
290420,Infants' furniture,solid timber,1520420000,0.0173,11.0,1.82,,,no Trends pair collected,0.8,0.9,0.42,780,"a fastener-free cot is a strong story, but CPSC testing gates it",0.3522,0.2476
290110,Mattresses and springs,textile/foam,15463275000,0.1757,114.0,1.75,,,no Trends pair collected,0.0,1.0,,,not woodwork at all,0.325,0.2399
