seed_term,family,kind,query,value,formatted_value
custom signs,sign_display,top,yard signs,100,100
custom signs,sign_display,top,custom signs near me,98,98
custom signs,sign_display,top,yard signs custom,98,98
custom signs,sign_display,top,signs near me,95,95
custom signs,sign_display,top,led signs,93,93
custom signs,sign_display,top,custom signs outdoor,63,63
custom signs,sign_display,top,street signs,42,42
custom signs,sign_display,top,custom made signs,41,41
custom signs,sign_display,top,custom signs for business,41,41
custom signs,sign_display,top,custom signs for home,27,27
custom signs,sign_display,top,custom metal sign,27,27
custom signs,sign_display,top,custom signs today,10,10
custom signs,sign_display,top,custom neon name signs,9,9
custom signs,sign_display,top,custom yard signs with stakes,5,5
custom signs,sign_display,rising,custom yard signs with stakes,250,+250%
custom signs,sign_display,rising,custom signs for business,170,+170%
custom signs,sign_display,rising,custom neon name signs,150,+150%
custom signs,sign_display,rising,custom signs today,150,+150%
custom signs,sign_display,rising,led signs,80,+80%
custom signs,sign_display,rising,custom signs near me,50,+50%
custom signs,sign_display,rising,custom signs outdoor,50,+50%
custom signs,sign_display,rising,signs near me,40,+40%
custom neon sign,sign_display,top,neon signs,100,100
custom neon sign,sign_display,top,custom signs,96,96
custom neon sign,sign_display,top,custom led neon sign,78,78
custom neon sign,sign_display,top,led sign,77,77
custom neon sign,sign_display,top,custom led sign,76,76
custom neon sign,sign_display,top,led neon sign,76,76
custom neon sign,sign_display,top,custom light sign,53,53
custom neon sign,sign_display,top,custom neon light sign,51,51
custom neon sign,sign_display,top,custom neon light,51,51
custom neon sign,sign_display,top,custom name sign,29,29
custom neon sign,sign_display,top,custom name neon sign,29,29
custom neon sign,sign_display,top,neon name sign,29,29
custom neon sign,sign_display,top,custom neon sign logo,26,26
custom neon sign,sign_display,top,led signs,23,23
custom neon sign,sign_display,top,custom led neon signs,23,23
custom neon sign,sign_display,top,led neon signs,23,23
custom neon sign,sign_display,top,led signs custom,23,23
custom neon sign,sign_display,top,custom led signs,23,23
custom neon sign,sign_display,top,neon wedding sign,23,23
custom neon sign,sign_display,top,personalized neon sign,21,21
custom neon sign,sign_display,top,etsy neon sign custom,17,17
custom neon sign,sign_display,top,etsy neon sign,17,17
custom neon sign,sign_display,top,custom neon light signs,17,17
custom neon sign,sign_display,top,neon light signs,17,17
custom neon sign,sign_display,top,custom bar sign,15,15
custom neon sign,sign_display,rising,custom neon sign canada,1300,"+1,300%"
custom neon sign,sign_display,rising,personalized neon sign,400,+400%
custom neon sign,sign_display,rising,custom neon sign for wedding,200,+200%
custom neon sign,sign_display,rising,custom neon sign logo,120,+120%
custom neon sign,sign_display,rising,custom name sign,110,+110%
custom neon sign,sign_display,rising,custom name neon sign,110,+110%
custom neon sign,sign_display,rising,neon name sign,110,+110%
custom neon sign,sign_display,rising,custom led neon sign,80,+80%
custom neon sign,sign_display,rising,led sign,80,+80%
custom neon sign,sign_display,rising,custom led sign,80,+80%
custom neon sign,sign_display,rising,led neon sign,80,+80%
custom neon sign,sign_display,rising,neon wedding sign,60,+60%
custom metal signs,sign_display,top,custom metal sign,100,100
custom metal signs,sign_display,top,custom sign,99,99
custom metal signs,sign_display,top,metal sign,98,98
custom metal signs,sign_display,top,custom outdoor signs,44,44
custom metal signs,sign_display,top,custom metal signs near me,36,36
custom metal signs,sign_display,top,custom signs near me,36,36
custom metal signs,sign_display,top,custom cut metal signs,24,24
custom metal signs,sign_display,top,personalized metal signs,19,19
custom metal signs,sign_display,top,custom yard signs,16,16
custom metal signs,sign_display,top,custom aluminum signs,14,14
custom metal signs,sign_display,top,custom metal signs for business,14,14
custom metal signs,sign_display,top,custom neon signs,9,9
custom metal signs,sign_display,rising,custom metal signs for business,80,+80%
custom metal signs,sign_display,rising,custom neon signs,80,+80%
custom metal signs,sign_display,rising,custom outdoor signs,50,+50%
custom engraving,sign_display,top,laser engraving,100,100
custom engraving,sign_display,top,custom engraving near me,75,75
custom engraving,sign_display,top,custom plaque,16,16
custom engraving,sign_display,top,pandora custom engraving,16,16
custom engraving,sign_display,rising,pandora custom engraving,700,+700%
custom metal fabrication,metal_fab,top,custom metal fabrication near me,100,100
custom metal fabrication,metal_fab,top,custom metal fabrication shops,18,18
custom metal fabrication,metal_fab,top,custom metal fabrication companies,15,15
custom metal fabrication,metal_fab,top,custom metal fabrication melbourne,2,2
custom metal fabrication,metal_fab,top,custom metal fabrication in green bay,2,2
custom metal fabrication,metal_fab,top,custom metal fabrication in wisconsin,1,1
custom metal fabrication,metal_fab,rising,custom metal fabrication in green bay,25700,Breakout
custom metal fabrication,metal_fab,rising,custom metal fabrication in wisconsin,16450,Breakout
custom metal fabrication,metal_fab,rising,custom metal fabrication melbourne,160,+160%
custom metal fabrication,metal_fab,rising,custom metal fabrication companies,60,+60%
metal fabrication near me,metal_fab,top,sheet metal fabrication,100,100
metal fabrication near me,metal_fab,top,custom metal fabrication near me,48,48
metal fabrication near me,metal_fab,top,metal fabrication shop,40,40
metal fabrication near me,metal_fab,top,custom sheet metal fabrication near me,13,13
custom fire pit,metal_fab,top,custom fire pits,100,100
custom fire pit,metal_fab,top,custom fire pit covers,72,72
custom gates,metal_fab,top,custom gates near me,100,100
custom gates,metal_fab,top,custom gates huntsville al,1,1
custom gates,metal_fab,rising,custom gates huntsville al,9800,Breakout
custom gates,metal_fab,rising,custom gates near me,50,+50%
cnc machining service,machining,top,custom cnc machining service,100,100
cnc machining service,machining,top,aluminum cnc machining service,81,81
cnc machining service,machining,top,cnc machining china,68,68
cnc machining service,machining,top,cnc machine,65,65
cnc machining service,machining,top,cnc machining services,48,48
cnc machining service,machining,top,cnc milling service,43,43
cnc machining service,machining,top,what is cnc machining,28,28
cnc machining service,machining,top,cnc machining near me,25,25
cnc machining service,machining,top,cnc machining prototype service,19,19
cnc machining service,machining,top,3d printing service,16,16
cnc machining service,machining,rising,what is cnc machining,250,+250%
cnc machining service,machining,rising,custom cnc machining service,130,+130%
cnc machining service,machining,rising,cnc milling service,110,+110%
cnc machining service,machining,rising,aluminum cnc machining service,70,+70%
custom machined parts,machining,top,custom cnc machining,100,100
custom machined parts,machining,rising,custom cnc machining,300,+300%
machine shop near me,machining,top,auto machine shop near me,100,100
machine shop near me,machining,top,automotive machine shop near me,62,62
machine shop near me,machining,top,sewing machine shop near me,48,48
machine shop near me,machining,top,car machine shop near me,40,40
machine shop near me,machining,top,cnc machine shop near me,24,24
machine shop near me,machining,top,metal machine shop near me,24,24
machine shop near me,machining,top,washing machine shop near me,20,20
machine shop near me,machining,top,diesel machine shop near me,18,18
machine shop near me,machining,rising,washing machine shop near me,90,+90%
machine shop near me,machining,rising,diesel machine shop near me,50,+50%
precision machining,machining,top,precision machining cnc,100,100
precision machining,machining,top,precision machining parts,36,36
precision machining,machining,top,high precision machining,29,29
precision machining,machining,top,precision machining company,26,26
precision machining,machining,top,precision machining services,24,24
precision machining,machining,top,precision machining technology,20,20
precision machining,machining,top,swiss precision machining,10,10
precision machining,machining,top,precision machining components,10,10
precision machining,machining,top,advanced precision machining,10,10
precision machining,machining,top,precision machining salary,6,6
precision machining,machining,top,api precision machining,3,3
precision machining,machining,top,cnc swiss precision machining,3,3
precision machining,machining,top,precision machining in wisconsin,1,1
precision machining,machining,rising,cnc swiss precision machining,180,+180%
precision machining,machining,rising,precision machining in wisconsin,160,+160%
precision machining,machining,rising,precision machining components,150,+150%
precision machining,machining,rising,api precision machining,140,+140%
precision machining,machining,rising,precision machining cnc,110,+110%
precision machining,machining,rising,high precision machining,100,+100%
precision machining,machining,rising,precision machining services,80,+80%
precision machining,machining,rising,precision machining company,80,+80%
precision machining,machining,rising,precision machining parts,80,+80%
precision machining,machining,rising,advanced precision machining,50,+50%
3d printing service,additive,top,3d printing service sculpteo,100,100
3d printing service,additive,top,best 3d printing service,11,11
3d printing service,additive,top,3d print service,7,7
3d printing service,additive,top,3d print,6,6
3d printing service,additive,top,3d printing near me,6,6
3d printing service,additive,top,3d printing service near me,6,6
3d printing service,additive,top,3d printer service,6,6
3d printing service,additive,top,3d printer,6,6
3d printing service,additive,top,3d printing service online,5,5
3d printing service,additive,top,metal 3d printing,5,5
3d printing service,additive,top,3d printing online,5,5
3d printing service,additive,top,3d printing service price,5,5
3d printing service,additive,top,3d printing service cost,4,4
3d printing service,additive,top,3d printing services,4,4
3d printing service,additive,top,3d printing service company,4,4
3d printing service,additive,top,custom 3d printing service,4,4
3d printing service,additive,top,3d model printing service,3,3
3d printing service,additive,top,resin printing service,3,3
3d printing service,additive,top,resin 3d printing service,3,3
3d printing service,additive,top,3d printing design service,2,2
3d printing service,additive,top,large 3d printing service,2,2
3d printing service,additive,top,3d printing service cheap,2,2
3d printing service,additive,top,3d printing service india,2,2
3d printing service,additive,top,local 3d printing service,2,2
3d printing service,additive,top,3d printing service providers,1,1
3d printing service,additive,rising,3d printing service sculpteo,12850,Breakout
3d printing service,additive,rising,3d printing service india,550,+550%
3d printing service,additive,rising,3d printing service company,130,+130%
3d printing service,additive,rising,3d printing service providers,90,+90%
3d printing service,additive,rising,3d printing service price,60,+60%
3d printing service,additive,rising,best 3d printing service,40,+40%
custom laser cutting,cutting,top,custom laser cutting cincinnati,100,100
custom laser cutting,cutting,rising,custom laser cutting cincinnati,110,+110%
laser cutting service,cutting,top,laser cutting machine,100,100
laser cutting service,cutting,top,laser cutting service near me,75,75
laser cutting service,cutting,top,cnc laser cutting service,53,53
laser cutting service,cutting,top,laser cutting services,41,41
laser cutting service,cutting,top,acrylic laser cutting service,38,38
laser cutting service,cutting,top,sheet metal laser cutting service,33,33
laser cutting service,cutting,top,laser cutting service uk,10,10
laser cutting service,cutting,rising,laser cutting service uk,350,+350%
laser cutting service,cutting,rising,sheet metal laser cutting service,100,+100%
laser cutting service,cutting,rising,laser cutting machine,90,+90%
laser cutting service,cutting,rising,cnc laser cutting service,90,+90%
waterjet cutting service,cutting,top,waterjet cutting services,100,100
custom cabinets,wood_panel,top,custom kitchen cabinets,100,100
custom cabinets,wood_panel,top,kitchen cabinets,94,94
custom cabinets,wood_panel,top,custom cabinets near me,39,39
custom cabinets,wood_panel,top,custom cabinets cost,22,22
custom cabinets,wood_panel,top,bathroom custom cabinets,19,19
custom cabinets,wood_panel,top,ikea custom cabinets,19,19
custom cabinets,wood_panel,top,custom built cabinets,18,18
custom cabinets,wood_panel,top,ikea cabinets,18,18
custom cabinets,wood_panel,top,custom cabinetry,13,13
custom cabinets,wood_panel,top,custom cabinets design,13,13
custom cabinets,wood_panel,top,semi custom cabinets,12,12
custom cabinets,wood_panel,top,custom made cabinets,12,12
custom cabinets,wood_panel,top,custom garage cabinets,12,12
custom cabinets,wood_panel,top,custom built in cabinets,11,11
custom cabinets,wood_panel,top,custom kitchen cabinets near me,8,8
custom cabinets,wood_panel,top,lowes custom cabinets,8,8
custom cabinets,wood_panel,top,custom cabinets online,8,8
custom cabinets,wood_panel,top,rta cabinets,5,5
custom cabinets,wood_panel,top,how much are custom cabinets,2,2
custom cabinets,wood_panel,top,custom cabinets los angeles,2,2
custom cabinets,wood_panel,top,custom cabinets for kitchen near me,2,2
custom cabinets,wood_panel,top,discount custom cabinets,2,2
custom cabinets,wood_panel,top,semi custom cabinets near me,1,1
custom cabinets,wood_panel,top,modern edge custom cabinets,0,<1
custom cabinets,wood_panel,rising,modern edge custom cabinets,950,+950%
custom cabinets,wood_panel,rising,custom cabinets for kitchen near me,130,+130%
custom cabinets,wood_panel,rising,semi custom cabinets near me,70,+70%
custom cabinets,wood_panel,rising,custom garage cabinets,50,+50%
custom cabinets,wood_panel,rising,rta cabinets,50,+50%
custom closet,wood_panel,top,custom closet design,100,100
custom closet,wood_panel,top,custom closet doors,76,76
custom closet,wood_panel,top,custom closet systems,72,72
custom closet,wood_panel,top,custom closets,72,72
custom closet,wood_panel,top,custom closet door,52,52
custom closet,wood_panel,top,custom closet system,45,45
custom closet,wood_panel,top,custom closet cost,44,44
custom closet,wood_panel,top,custom closet near me,38,38
custom closet,wood_panel,top,custom closet organizer,34,34
custom closet,wood_panel,top,custom closet ideas,34,34
custom closet,wood_panel,top,custom closet shelves,25,25
custom closet,wood_panel,top,custom closet cabinets,24,24
custom closet,wood_panel,top,custom closet diy,22,22
custom closet,wood_panel,top,custom closet installation,21,21
custom closet,wood_panel,top,custom wardrobe,20,20
custom closet,wood_panel,top,custom closet company,19,19
custom closet,wood_panel,top,custom closet builder,6,6
custom closet,wood_panel,top,best custom closet systems,6,6
custom closet,wood_panel,top,how much is a custom closet,6,6
custom closet,wood_panel,top,custom closet companies near me,3,3
custom closet,wood_panel,top,ikea custom closet builder,2,2
custom closet,wood_panel,rising,ikea custom closet builder,650,+650%
custom closet,wood_panel,rising,custom closet installation,200,+200%
custom closet,wood_panel,rising,custom closet builder,110,+110%
custom closet,wood_panel,rising,custom closet company,80,+80%
custom closet,wood_panel,rising,custom closet near me,60,+60%
custom closet,wood_panel,rising,best custom closet systems,60,+60%
custom closet,wood_panel,rising,how much is a custom closet,50,+50%
custom closet,wood_panel,rising,custom closet companies near me,40,+40%
custom wood furniture,wood_panel,top,custom wood furniture near me,100,100
custom wood furniture,wood_panel,top,custom furniture near me,99,99
custom car parts,auto_moto,top,custom car parts near me,100,100
custom exhaust,auto_moto,top,custom exhaust near me,100,100
custom exhaust,auto_moto,top,custom exhaust shop,87,87
custom exhaust,auto_moto,top,lou's custom exhaust,80,80
custom exhaust,auto_moto,top,custom exhaust shop near me,50,50
custom exhaust,auto_moto,top,custom exhaust tips,37,37
custom exhaust,auto_moto,top,custom exhaust shops,27,27
custom exhaust,auto_moto,top,custom exhaust manifold,22,22
custom exhaust,auto_moto,top,custom exhaust pipes,20,20
custom exhaust,auto_moto,top,custom exhaust shops near me,19,19
custom exhaust,auto_moto,top,custom exhaust systems,13,13
custom exhaust,auto_moto,top,lous custom exhaust,13,13
custom exhaust,auto_moto,top,american custom exhaust,12,12
custom exhaust,auto_moto,top,tim's custom exhaust,8,8
custom exhaust,auto_moto,top,s and s custom exhaust,5,5
custom exhaust,auto_moto,top,discount mufflers & custom exhaust,2,2
custom exhaust,auto_moto,rising,s and s custom exhaust,160,+160%
custom exhaust,auto_moto,rising,tim's custom exhaust,140,+140%
custom exhaust,auto_moto,rising,discount mufflers & custom exhaust,130,+130%
custom exhaust,auto_moto,rising,custom exhaust shop near me,40,+40%
custom exhaust,auto_moto,rising,custom exhaust manifold,40,+40%
custom wheels,auto_moto,top,hot wheels custom wheels,100,100
custom wheels,auto_moto,top,custom wheels offset,32,32
custom wheels,auto_moto,top,custom wheels and tires,29,29
custom wheels,auto_moto,top,custom wheels near me,18,18
custom wheels,auto_moto,top,rimtyme custom wheels and tires,3,3
custom wheels,auto_moto,top,swift custom wheels,1,1
custom wheels,auto_moto,rising,hot wheels custom wheels,130,+130%
custom wheels,auto_moto,rising,swift custom wheels,120,+120%
custom wheels,auto_moto,rising,rimtyme custom wheels and tires,70,+70%
custom acrylic,plastics,top,custom acrylic box,100,100
custom acrylic,plastics,top,custom acrylic case,86,86
custom acrylic,plastics,top,custom acrylic sheet,70,70
custom acrylic,plastics,top,custom acrylic sheets,47,47
custom acrylic,plastics,top,custom acrylic keychain,39,39
custom acrylic,plastics,top,custom acrylic keychains,38,38
custom acrylic,plastics,top,custom acrylic display case,35,35
custom acrylic,plastics,top,custom acrylic nails,27,27
custom acrylic,plastics,top,custom acrylic ornaments,11,11
custom acrylic,plastics,rising,custom acrylic ornaments,160,+160%
custom acrylic,plastics,rising,custom acrylic keychain,60,+60%
custom acrylic,plastics,rising,custom acrylic box,50,+50%
custom silicone mold,plastics,top,custom silicone molds,100,100
custom silicone mold,plastics,top,custom silicone molds for resin,18,18
custom enclosure,industrial,top,custom enclosures,100,100
custom tooling,industrial,top,sheltons custom tooling,100,100
custom tooling,industrial,top,shelton's custom tooling,21,21
custom tooling,industrial,top,shelton custom tooling,17,17
custom countertops,stone_surface,top,custom countertops near me,100,100
custom countertops,stone_surface,top,home depot custom countertops,54,54
custom countertops,stone_surface,top,"custom countertops jackson, ms",2,2
custom countertops,stone_surface,rising,"custom countertops jackson, ms",15550,Breakout
custom trailer,trailer_equip,top,custom trailers,100,100
custom trailer,trailer_equip,top,custom trailer for sale,84,84
custom trailer,trailer_equip,top,custom trailer hitch,75,75
custom trailer,trailer_equip,top,custom trailer sales,32,32
custom trailer,trailer_equip,top,custom trailer wheels,25,25
custom truck bed,trailer_equip,top,custom truck beds,100,100
custom t shirts,soft_goods_cal,top,custom shirt,100,100
custom t shirts,soft_goods_cal,top,custom t shirts near me,53,53
custom t shirts,soft_goods_cal,top,custom ink,31,31
custom t shirts,soft_goods_cal,top,custom t shirts printing,29,29
custom t shirts,soft_goods_cal,top,best custom t shirts,27,27
custom t shirts,soft_goods_cal,top,cheap custom t shirts,25,25
custom t shirts,soft_goods_cal,top,print custom t shirts,22,22
custom t shirts,soft_goods_cal,top,make custom t shirts,20,20
custom t shirts,soft_goods_cal,top,custom made t shirts,20,20
custom t shirts,soft_goods_cal,top,custom tshirt,19,19
custom t shirts,soft_goods_cal,top,custom t shirts online,17,17
custom t shirts,soft_goods_cal,top,t shirt printing,16,16
custom t shirts,soft_goods_cal,top,bulk custom t shirts,14,14
custom t shirts,soft_goods_cal,top,custom t shirts bulk,14,14
custom t shirts,soft_goods_cal,top,vintage custom t shirts,6,6
custom t shirts,soft_goods_cal,top,high quality custom t shirts,3,3
custom t shirts,soft_goods_cal,top,quick custom t shirts,3,3
custom t shirts,soft_goods_cal,top,custom t shirts nearby,3,3
custom t shirts,soft_goods_cal,top,local custom t shirts,3,3
custom t shirts,soft_goods_cal,top,custom t shirts with photo,3,3
custom t shirts,soft_goods_cal,top,printful,2,2
custom t shirts,soft_goods_cal,top,4imprint,1,1
custom t shirts,soft_goods_cal,rising,custom t shirts nearby,5750,Breakout
custom t shirts,soft_goods_cal,rising,vintage custom t shirts,170,+170%
custom t shirts,soft_goods_cal,rising,printful,150,+150%
custom t shirts,soft_goods_cal,rising,quick custom t shirts,140,+140%
custom t shirts,soft_goods_cal,rising,4imprint,120,+120%
custom t shirts,soft_goods_cal,rising,custom t shirts with photo,110,+110%
custom t shirts,soft_goods_cal,rising,high quality custom t shirts,90,+90%
custom t shirts,soft_goods_cal,rising,local custom t shirts,70,+70%
custom t shirts,soft_goods_cal,rising,bulk custom t shirts,70,+70%
custom t shirts,soft_goods_cal,rising,best custom t shirts,70,+70%
custom t shirts,soft_goods_cal,rising,custom t shirts bulk,60,+60%
custom embroidery,soft_goods_cal,top,custom embroidery near me,100,100
custom embroidery,soft_goods_cal,top,embroidery near me,96,96
custom embroidery,soft_goods_cal,top,custom hat,84,84
custom embroidery,soft_goods_cal,top,hat embroidery,84,84
custom embroidery,soft_goods_cal,top,custom hats,54,54
custom embroidery,soft_goods_cal,top,embroidery machine,51,51
custom embroidery,soft_goods_cal,top,custom embroidery machine,48,48
custom embroidery,soft_goods_cal,top,custom logo embroidery,48,48
custom embroidery,soft_goods_cal,top,embroidery patches custom,42,42
custom embroidery,soft_goods_cal,top,embroidery patches,41,41
custom embroidery,soft_goods_cal,top,custom patches,39,39
custom embroidery,soft_goods_cal,top,custom shirt embroidery,39,39
custom embroidery,soft_goods_cal,top,custom shirts,33,33
custom embroidery,soft_goods_cal,top,custom patch embroidery,27,27
custom embroidery,soft_goods_cal,top,custom patch,27,27
custom embroidery,soft_goods_cal,top,custom embroidery hoodie,19,19
custom embroidery,soft_goods_cal,top,custom hoodie,19,19
custom embroidery,soft_goods_cal,top,lids,18,18
custom embroidery,soft_goods_cal,top,lids embroidery,18,18
custom embroidery,soft_goods_cal,top,lids custom embroidery,18,18
custom embroidery,soft_goods_cal,top,custom embroidery designs,17,17
custom embroidery,soft_goods_cal,top,custom cap embroidery,15,15
custom embroidery,soft_goods_cal,top,custom embroidery online,12,12
custom embroidery,soft_goods_cal,top,custom embroidery services,10,10
custom embroidery,soft_goods_cal,top,custom pet embroidery,7,7
custom embroidery,soft_goods_cal,rising,custom pet embroidery,500,+500%
custom embroidery,soft_goods_cal,rising,custom embroidery digitizing services,200,+200%
custom embroidery,soft_goods_cal,rising,does lids do custom embroidery,110,+110%
custom embroidery,soft_goods_cal,rising,custom embroidery services,80,+80%
custom embroidery,soft_goods_cal,rising,custom embroidery hoodie,80,+80%
custom embroidery,soft_goods_cal,rising,custom hoodie,70,+70%
custom embroidery,soft_goods_cal,rising,custom embroidery digitizing,70,+70%
custom embroidery,soft_goods_cal,rising,custom cap embroidery,60,+60%
custom embroidery,soft_goods_cal,rising,custom embroidery salt lake city,50,+50%
