step,value,unit,basis
"Manufacturing enterprises, 20+ employees, EU/EFTA",192834,plants,"Eurostat sbs_sc_ovw, NACE C, 2022, size bands 20-49 / 50-249 / GE250"
Blocked-part events per year (TAM),635224,events/yr,"plants x events per plant per year — ASSUMPTION, gated on H2A1"
Share answerable by a machined replacement,0.25,share,"ASSUMPTION, gated on H2A2 — this is where digital-spares companies died"
Average order value,1200.0,eur/order,"ASSUMPTION, gated on H2A3 — needs real quotes from the shop"
TAM,190567200,eur/yr,all four lines above multiplied
"SAM plants (50+ employees, top 10 EU manufacturing economies)",61749,plants,"same source, cut to bands and countries we can serve"
SAM,105116400,eur/yr,SAM plants at the same assumed rates
"Capacity, year 3",312000,eur/yr,"4000 machine-hours x 65% utilisation / 6h per job x 60% ramp — PLACEHOLDER, needs the shop's real numbers"
SOM (year 3),312000,eur/yr,smaller of capacity and SAM — capacity binds
