naics,industry,role,bucket_order,receipts_band_usd_000,firms,establishments,employment,payroll_usd_000,receipts_usd_000
238150,Glass and glazing contractors,adjacent_mtm,01,Total,6548,6756,65429,4310703,18082616
238150,Glass and glazing contractors,adjacent_mtm,02,<100,832,832,812,13505,44833
238150,Glass and glazing contractors,adjacent_mtm,03,100-499,1839,1839,3894,145583,454751
238150,Glass and glazing contractors,adjacent_mtm,04,500-999,1109,1109,4933,232514,808438
238150,Glass and glazing contractors,adjacent_mtm,05,"1,000-2,499",1385,1390,10977,598701,2200933
238150,Glass and glazing contractors,adjacent_mtm,06,"2,500-4,999",622,628,9183,552368,2186290
238150,Glass and glazing contractors,adjacent_mtm,07,"5,000-7,499",253,262,5604,374629,1517612
238150,Glass and glazing contractors,adjacent_mtm,08,"7,500-9,999",138,147,4164,291227,1194542
238150,Glass and glazing contractors,adjacent_mtm,09,"10,000-14,999",143,155,5385,407366,1702251
238150,Glass and glazing contractors,adjacent_mtm,10,"15,000-19,999",73,86,3794,303649,1242193
238150,Glass and glazing contractors,adjacent_mtm,11,"20,000-24,999",41,72,2595,198322,882321
238150,Glass and glazing contractors,adjacent_mtm,12,"25,000-29,999",20,20,1480,122936,524705
238150,Glass and glazing contractors,adjacent_mtm,13,"30,000-34,999",18,24,1931,147433,557408
238150,Glass and glazing contractors,adjacent_mtm,14,"35,000-39,999",14,18,1163,108295,493964
238150,Glass and glazing contractors,adjacent_mtm,15,"40,000-49,999",18,38,1999,153774,689548
238150,Glass and glazing contractors,adjacent_mtm,16,"50,000-74,999",20,33,3236,252988,1080327
238150,Glass and glazing contractors,adjacent_mtm,17,"75,000-99,999",7,16,804,76085,411456
238150,Glass and glazing contractors,adjacent_mtm,18,"100,000+",16,87,3475,331328,2091044
238350,Finish carpentry contractors,adjacent_mtm,01,Total,31854,32169,168430,9697606,42970056
238350,Finish carpentry contractors,adjacent_mtm,02,<100,9512,9513,9177,170831,507543
238350,Finish carpentry contractors,adjacent_mtm,03,100-499,11084,11084,22369,877204,2440880
238350,Finish carpentry contractors,adjacent_mtm,04,500-999,3702,3702,16028,761067,2666393
238350,Finish carpentry contractors,adjacent_mtm,05,"1,000-2,499",4190,4195,30122,1583844,6544771
238350,Finish carpentry contractors,adjacent_mtm,06,"2,500-4,999",1776,1781,22191,1318044,6120038
238350,Finish carpentry contractors,adjacent_mtm,07,"5,000-7,499",610,625,12379,799715,3687285
238350,Finish carpentry contractors,adjacent_mtm,08,"7,500-9,999",258,269,6920,464088,2198463
238350,Finish carpentry contractors,adjacent_mtm,09,"10,000-14,999",296,316,10202,715265,3552880
238350,Finish carpentry contractors,adjacent_mtm,10,"15,000-19,999",116,133,5089,376140,1881603
238350,Finish carpentry contractors,adjacent_mtm,11,"20,000-24,999",66,78,3067,246965,1403819
238350,Finish carpentry contractors,adjacent_mtm,12,"25,000-29,999",52,58,3230,244252,1263772
238350,Finish carpentry contractors,adjacent_mtm,13,"30,000-34,999",32,42,2487,195087,942705
238350,Finish carpentry contractors,adjacent_mtm,14,"35,000-39,999",24,57,2880,205703,852320
238350,Finish carpentry contractors,adjacent_mtm,15,"40,000-49,999",24,25,2800,168426,840380
238350,Finish carpentry contractors,adjacent_mtm,16,"50,000-74,999",30,54,3069,269493,1292584
238350,Finish carpentry contractors,adjacent_mtm,17,"75,000-99,999",13,18,1192,93172,765608
238350,Finish carpentry contractors,adjacent_mtm,18,"100,000+",69,219,15228,1208310,6009012
238390,Other building finishing contractors (CONTEXT ONLY — not blinds-specific),context_only,01,Total,7753,7960,78981,4782888,16323166
238390,Other building finishing contractors (CONTEXT ONLY — not blinds-specific),context_only,02,<100,1588,1588,1743,33462,83812
238390,Other building finishing contractors (CONTEXT ONLY — not blinds-specific),context_only,03,100-499,2438,2438,5503,213792,579811
238390,Other building finishing contractors (CONTEXT ONLY — not blinds-specific),context_only,04,500-999,1169,1170,6193,279729,841953
238390,Other building finishing contractors (CONTEXT ONLY — not blinds-specific),context_only,05,"1,000-2,499",1305,1309,11808,625308,2059866
238390,Other building finishing contractors (CONTEXT ONLY — not blinds-specific),context_only,06,"2,500-4,999",577,580,10194,596853,2002626
238390,Other building finishing contractors (CONTEXT ONLY — not blinds-specific),context_only,07,"5,000-7,499",229,244,6615,402620,1383979
238390,Other building finishing contractors (CONTEXT ONLY — not blinds-specific),context_only,08,"7,500-9,999",117,124,4545,304676,1016718
238390,Other building finishing contractors (CONTEXT ONLY — not blinds-specific),context_only,09,"10,000-14,999",117,124,5710,388015,1352778
238390,Other building finishing contractors (CONTEXT ONLY — not blinds-specific),context_only,10,"15,000-19,999",61,66,4394,279262,957623
238390,Other building finishing contractors (CONTEXT ONLY — not blinds-specific),context_only,11,"20,000-24,999",35,39,2303,163678,718610
238390,Other building finishing contractors (CONTEXT ONLY — not blinds-specific),context_only,12,"25,000-29,999",20,34,1423,106576,498449
238390,Other building finishing contractors (CONTEXT ONLY — not blinds-specific),context_only,13,"30,000-34,999",21,25,2153,161816,589644
238390,Other building finishing contractors (CONTEXT ONLY — not blinds-specific),context_only,14,"35,000-39,999",14,20,2587,143257,488742
238390,Other building finishing contractors (CONTEXT ONLY — not blinds-specific),context_only,15,"40,000-49,999",12,13,1862,129472,443546
238390,Other building finishing contractors (CONTEXT ONLY — not blinds-specific),context_only,16,"50,000-74,999",16,22,2743,220521,798724
238390,Other building finishing contractors (CONTEXT ONLY — not blinds-specific),context_only,17,"75,000-99,999",8,9,873,64670,343806
238390,Other building finishing contractors (CONTEXT ONLY — not blinds-specific),context_only,18,"100,000+",26,155,8332,669181,2162479
321911,Wood window and door manufacturing,adjacent_mtm,01,Total,920,1093,62010,3484625,19129790
321911,Wood window and door manufacturing,adjacent_mtm,02,<100,47,47,45,544,2892
321911,Wood window and door manufacturing,adjacent_mtm,03,100-499,192,192,491,16293,57405
321911,Wood window and door manufacturing,adjacent_mtm,04,500-999,123,123,727,28096,87311
321911,Wood window and door manufacturing,adjacent_mtm,05,"1,000-2,499",200,200,2021,86750,326405
321911,Wood window and door manufacturing,adjacent_mtm,06,"2,500-4,999",121,122,2433,121717,427221
321911,Wood window and door manufacturing,adjacent_mtm,07,"5,000-7,499",55,55,1502,73547,324133
321911,Wood window and door manufacturing,adjacent_mtm,08,"7,500-9,999",24,25,907,48876,204804
321911,Wood window and door manufacturing,adjacent_mtm,09,"10,000-14,999",34,36,1768,85084,402672
321911,Wood window and door manufacturing,adjacent_mtm,10,"15,000-19,999",18,19,1139,63270,287035
321911,Wood window and door manufacturing,adjacent_mtm,11,"20,000-24,999",8,9,513,32413,142126
321911,Wood window and door manufacturing,adjacent_mtm,12,"25,000-29,999",8,9,649,38107,188427
321911,Wood window and door manufacturing,adjacent_mtm,13,"30,000-34,999",6,6,634,33284,167343
321911,Wood window and door manufacturing,adjacent_mtm,14,"35,000-39,999",6,6,673,30192,165622
321911,Wood window and door manufacturing,adjacent_mtm,15,"40,000-49,999",8,17,723,50077,298089
321911,Wood window and door manufacturing,adjacent_mtm,16,"50,000-74,999",7,8,537,28643,219846
321911,Wood window and door manufacturing,adjacent_mtm,17,"75,000-99,999",4,4,589,31823,149269
321911,Wood window and door manufacturing,adjacent_mtm,18,"100,000+",59,215,46659,2715909,15679190
327991,Cut stone and stone product manufacturing,adjacent_mtm,01,Total,2031,2134,36565,2047006,7995598
327991,Cut stone and stone product manufacturing,adjacent_mtm,02,<100,157,157,159,2260,8748
327991,Cut stone and stone product manufacturing,adjacent_mtm,03,100-499,414,414,1142,41475,112206
327991,Cut stone and stone product manufacturing,adjacent_mtm,04,500-999,296,296,1603,67614,218010
327991,Cut stone and stone product manufacturing,adjacent_mtm,05,"1,000-2,499",518,528,4887,229175,830343
327991,Cut stone and stone product manufacturing,adjacent_mtm,06,"2,500-4,999",294,296,5258,274898,1001978
327991,Cut stone and stone product manufacturing,adjacent_mtm,07,"5,000-7,499",115,127,3054,165459,644857
327991,Cut stone and stone product manufacturing,adjacent_mtm,08,"7,500-9,999",53,57,2214,118026,440973
327991,Cut stone and stone product manufacturing,adjacent_mtm,09,"10,000-14,999",66,70,3134,176732,706253
327991,Cut stone and stone product manufacturing,adjacent_mtm,10,"15,000-19,999",27,29,1598,100198,413748
327991,Cut stone and stone product manufacturing,adjacent_mtm,11,"20,000-24,999",14,16,783,44190,234442
327991,Cut stone and stone product manufacturing,adjacent_mtm,12,"25,000-29,999",15,22,1527,90608,383960
327991,Cut stone and stone product manufacturing,adjacent_mtm,13,"30,000-34,999",8,10,807,45140,211519
327991,Cut stone and stone product manufacturing,adjacent_mtm,14,"35,000-39,999",5,6,581,28458,150046
327991,Cut stone and stone product manufacturing,adjacent_mtm,15,"40,000-49,999",9,14,1084,75745,215106
327991,Cut stone and stone product manufacturing,adjacent_mtm,16,"50,000-74,999",6,8,636,28833,168560
327991,Cut stone and stone product manufacturing,adjacent_mtm,17,"75,000-99,999",4,10,357,17783,120895
327991,Cut stone and stone product manufacturing,adjacent_mtm,18,"100,000+",30,74,7741,540412,2133954
337110,Wood kitchen cabinet and countertop manufacturing,adjacent_mtm,01,Total,6017,6118,102338,4853916,20317761
337110,Wood kitchen cabinet and countertop manufacturing,adjacent_mtm,02,<100,978,978,1005,16035,52485
337110,Wood kitchen cabinet and countertop manufacturing,adjacent_mtm,03,100-499,1897,1898,4603,163696,475439
337110,Wood kitchen cabinet and countertop manufacturing,adjacent_mtm,04,500-999,1028,1030,5452,232646,750002
337110,Wood kitchen cabinet and countertop manufacturing,adjacent_mtm,05,"1,000-2,499",1186,1189,11965,553311,1848940
337110,Wood kitchen cabinet and countertop manufacturing,adjacent_mtm,06,"2,500-4,999",479,488,9352,470637,1629512
337110,Wood kitchen cabinet and countertop manufacturing,adjacent_mtm,07,"5,000-7,499",159,159,5236,268894,944489
337110,Wood kitchen cabinet and countertop manufacturing,adjacent_mtm,08,"7,500-9,999",71,73,3044,164517,587911
337110,Wood kitchen cabinet and countertop manufacturing,adjacent_mtm,09,"10,000-14,999",61,61,3605,194227,666783
337110,Wood kitchen cabinet and countertop manufacturing,adjacent_mtm,10,"15,000-19,999",34,35,3199,170895,562566
337110,Wood kitchen cabinet and countertop manufacturing,adjacent_mtm,11,"20,000-24,999",20,21,2572,122134,378486
337110,Wood kitchen cabinet and countertop manufacturing,adjacent_mtm,12,"25,000-29,999",14,14,1784,98161,349127
337110,Wood kitchen cabinet and countertop manufacturing,adjacent_mtm,13,"30,000-34,999",11,13,1485,84714,314180
337110,Wood kitchen cabinet and countertop manufacturing,adjacent_mtm,14,"35,000-39,999",3,3,341,25245,73703
337110,Wood kitchen cabinet and countertop manufacturing,adjacent_mtm,15,"40,000-49,999",13,15,3045,167291,554523
337110,Wood kitchen cabinet and countertop manufacturing,adjacent_mtm,16,"50,000-74,999",15,20,3547,165609,688657
337110,Wood kitchen cabinet and countertop manufacturing,adjacent_mtm,17,"75,000-99,999",4,5,1911,90570,329866
337110,Wood kitchen cabinet and countertop manufacturing,adjacent_mtm,18,"100,000+",44,116,40192,1865334,10111092
337920,Blind and shade manufacturing,manufacturer,01,Total,302,329,11557,622602,2476776
337920,Blind and shade manufacturing,manufacturer,02,<100,27,27,22,256,1573
337920,Blind and shade manufacturing,manufacturer,03,100-499,89,89,170,6080,25878
337920,Blind and shade manufacturing,manufacturer,04,500-999,39,39,203,7739,26999
337920,Blind and shade manufacturing,manufacturer,05,"1,000-2,499",59,60,557,23120,92172
337920,Blind and shade manufacturing,manufacturer,06,"2,500-4,999",28,28,490,24513,93141
337920,Blind and shade manufacturing,manufacturer,07,"5,000-7,499",17,18,473,22603,104080
337920,Blind and shade manufacturing,manufacturer,08,"7,500-9,999",6,6,282,10382,50190
337920,Blind and shade manufacturing,manufacturer,09,"10,000-14,999",11,11,525,23943,117262
337920,Blind and shade manufacturing,manufacturer,10,"15,000-19,999",6,7,315,17578,101092
337920,Blind and shade manufacturing,manufacturer,12,"25,000-29,999",3,3,343,21240,77093
337920,Blind and shade manufacturing,manufacturer,18,"100,000+",10,29,6330,386514,1548659
442291,Window treatment stores,retail_dealer,01,Total,1901,2170,8548,431595,2773325
442291,Window treatment stores,retail_dealer,02,<100,166,166,131,1646,8634
442291,Window treatment stores,retail_dealer,03,100-499,635,637,1024,30856,182042
442291,Window treatment stores,retail_dealer,04,500-999,462,464,1334,55732,330025
442291,Window treatment stores,retail_dealer,05,"1,000-2,499",432,440,2229,118609,660005
442291,Window treatment stores,retail_dealer,06,"2,500-4,999",149,167,1635,96657,489970
442291,Window treatment stores,retail_dealer,07,"5,000-7,499",22,34,385,23908,134906
442291,Window treatment stores,retail_dealer,08,"7,500-9,999",10,10,245,18721,83181
442291,Window treatment stores,retail_dealer,09,"10,000-14,999",10,13,309,23521,97557
442291,Window treatment stores,retail_dealer,10,"15,000-19,999",5,8,159,10662,77918
442291,Window treatment stores,retail_dealer,18,"100,000+",4,171,670,25332,526423
